**** All Elevator Calls (time,src,dest,state,elev dt) stage 5 ****
Elevator call,15.749018245415527,0,-2,3,9, Done, dt, 27.250981754584473
Elevator call,29.795724992354963,-1,25,3,8, Done, dt, 72.20427500764504
Elevator call,30.19242759005715,-3,15,3,7, Done, dt, 40.80757240994285
Elevator call,30.71595021642338,-2,12,3,8, Done, dt, 48.28404978357662
Elevator call,36.316621751195726,34,49,3,9, Done, dt, 169.68337824880427
Elevator call,46.331069014906234,-2,5,3,9, Done, dt, 105.66893098509377
Elevator call,52.229924572991195,-1,17,3,7, Done, dt, 72.7700754270088
Elevator call,61.04837839712013,-4,37,3,6, Done, dt, 152.95162160287987
Elevator call,62.31340802643376,-4,39,3,5, Done, dt, 64.68659197356624
Elevator call,62.42923444391522,-1,41,3,4, Done, dt, 66.57076555608478
Elevator call,62.88805493560881,39,44,3,3, Done, dt, 178.1119450643912
Elevator call,66.30025923587709,0,-1,3,2, Done, dt, 26.699740764122907
Elevator call,67.07281282103918,-1,13,3,6, Done, dt, 92.92718717896082
Elevator call,67.39684559916532,-1,45,3,1, Done, dt, 70.60315440083468
Elevator call,72.32053834730914,0,33,3,3, Done, dt, 147.67946165269086
Elevator call,75.45009626287265,-4,0,3,6, Done, dt, 37.54990373712735
Elevator call,79.5386026857368,0,-1,3,4, Done, dt, 185.4613973142632
Elevator call,82.00106471150661,-2,18,3,1, Done, dt, 142.99893528849339
Elevator call,85.05084296434165,-1,41,3,2, Done, dt, 60.949157035658345
Elevator call,85.05145915275011,-3,26,3,0, Done, dt, 81.94854084724989
Elevator call,86.4092159125421,-2,0,3,0, Done, dt, 34.590784087457905
Elevator call,90.2739221800241,26,43,3,8, Done, dt, 49.7260778199759
Elevator call,97.56134129114707,0,49,3,7, Done, dt, 113.43865870885293
Elevator call,99.09729234442648,0,22,3,2, Done, dt, 149.90270765557352
Elevator call,100.09528650820425,-2,34,3,6, Done, dt, 90.90471349179575
Elevator call,104.82846934416693,0,12,3,0, Done, dt, 38.17153065583307
Elevator call,105.17810733609576,-3,42,3,5, Done, dt, 128.82189266390424
Elevator call,106.41201702717126,0,-1,3,4, Done, dt, 158.58798297282874
Elevator call,114.81417324516474,0,35,3,6, Done, dt, 87.18582675483526
Elevator call,115.21485779705449,-2,3,3,8, Done, dt, 94.78514220294551
Elevator call,132.22282787251766,27,-2,3,4, Done, dt, 143.77717212748234
Elevator call,146.35768340608342,-2,-4,3,0, Done, dt, 70.64231659391658
Elevator call,158.57843474073547,-1,0,3,7, Done, dt, 123.42156525926453
Elevator call,159.7248447389004,-1,1,3,9, Done, dt, 118.2751552610996
Elevator call,161.17660060250478,-1,42,3,1, Done, dt, 255.82339939749522
Elevator call,165.7531344344295,0,15,3,3, Done, dt, 26.246865565570488
Elevator call,176.14887504764965,0,-1,3,4, Done, dt, 88.85112495235035
Elevator call,181.45096466058635,0,14,3,5, Done, dt, 128.54903533941365
Elevator call,186.51782449175312,-1,4,3,7, Done, dt, 109.48217550824688
Elevator call,195.15148933880414,12,14,3,2, Done, dt, 35.84851066119586
Elevator call,198.24467886016964,0,18,3,8, Done, dt, 52.75532113983036
Elevator call,209.23422890304005,-1,-4,3,0, Done, dt, 33.76577109695995
Elevator call,213.83674037131436,-2,0,3,8, Done, dt, 79.16325962868564
Elevator call,215.1021415287812,-2,48,3,6, Done, dt, 109.8978584712188
Elevator call,215.59051445419368,-3,22,3,6, Done, dt, 205.40948554580632
Elevator call,221.97598265680836,0,-4,3,0, Done, dt, 49.024017343191645
Elevator call,222.5359102535349,-1,32,3,2, Done, dt, 102.4640897464651
Elevator call,224.36051008672325,-2,50,3,3, Done, dt, 154.63948991327675
Elevator call,227.04590382523793,-4,-3,3,8, Done, dt, 90.95409617476207
Elevator call,227.38691454468858,-3,0,3,9, Done, dt, 87.61308545531142
Elevator call,228.54160571475745,22,-4,3,4, Done, dt, 117.45839428524255
Elevator call,245.93291648523973,-1,0,3,9, Done, dt, 69.06708351476027
Elevator call,248.63460391073022,0,35,3,1, Done, dt, 61.36539608926978
Elevator call,269.20102863151715,0,21,3,1, Done, dt, 116.79897136848285
Elevator call,269.22907784823815,0,11,3,0, Done, dt, 37.77092215176185
Elevator call,276.01601224888486,0,12,3,0, Done, dt, 41.98398775111514
Elevator call,281.4335441423452,-4,32,3,7, Done, dt, 109.56645585765477
Elevator call,282.3742556797197,37,36,3,4, Done, dt, 125.62574432028032
Elevator call,285.98693024600857,-3,-4,3,2, Done, dt, 95.01306975399143
Elevator call,288.8516461099614,10,36,3,3, Done, dt, 66.1483538900386
Elevator call,304.58634081139144,0,20,3,7, Done, dt, 64.41365918860856
Elevator call,307.87547983371155,17,14,3,5, Done, dt, 28.12452016628845
Elevator call,310.61716965870755,11,48,3,0, Done, dt, 65.38283034129245
Elevator call,312.0106401629912,3,0,3,9, Done, dt, 28.989359837008806
Elevator call,315.10202800168577,-2,-3,3,8, Done, dt, 24.897971998314233
Elevator call,321.6696330121292,0,18,3,7, Done, dt, 35.330366987870775
Elevator call,326.2162004719032,-4,-3,3,5, Done, dt, 48.78379952809678
Elevator call,326.89462213255365,-1,0,3,1, Done, dt, 154.10537786744635
Elevator call,328.356698884342,-2,-3,3,9, Done, dt, 35.643301115658005
Elevator call,328.4651171984574,-3,44,3,0, Done, dt, 165.5348828015426
Elevator call,339.867098554736,-4,39,3,8, Done, dt, 64.132901445264
Elevator call,356.7750171885598,-4,10,3,8, Done, dt, 183.2249828114402
Elevator call,369.88592756734556,0,-1,3,9, Done, dt, 24.11407243265444
Elevator call,373.94444349409787,-1,13,3,5, Done, dt, 71.05555650590213
Elevator call,374.7234961849488,-1,22,3,2, Done, dt, 52.27650381505123
Elevator call,374.8932447072923,0,31,3,7, Done, dt, 110.1067552927077
Elevator call,379.36239737345954,-3,23,3,5, Done, dt, 85.63760262654046
Elevator call,385.0290806533617,19,-4,3,9, Done, dt, 71.97091934663831
Elevator call,390.0533346121049,-2,2,3,6, Done, dt, 78.94666538789511
Elevator call,393.16870473647714,-2,-1,3,5, Done, dt, 27.83129526352286
Elevator call,407.1815824331113,-3,-2,3,2, Done, dt, 65.81841756688868
Elevator call,407.2751756344478,-4,20,3,4, Done, dt, 95.7248243655522
Elevator call,411.8124634838655,50,0,3,3, Done, dt, 61.187536516134514
Elevator call,423.0325013937281,42,-2,3,3, Done, dt, 155.96749860627187
Elevator call,428.50976475833454,0,2,3,7, Done, dt, 17.49023524166546
Elevator call,433.5968707841578,26,-3,3,9, Done, dt, 102.40312921584223
Elevator call,435.1813075400478,-1,28,3,7, Done, dt, 130.81869245995222
Elevator call,438.5413130199763,4,-3,3,0, Done, dt, 230.45868698002369
Elevator call,438.99163815922134,-2,35,3,1, Done, dt, 145.00836184077866
Elevator call,440.0203372604258,-3,-1,3,6, Done, dt, 55.97966273957422
Elevator call,447.93205545529304,0,39,3,8, Done, dt, 141.06794454470696
Elevator call,451.3692847322909,-3,24,3,4, Done, dt, 135.6307152677091
Elevator call,452.03633893661413,-3,22,3,7, Done, dt, 189.96366106338587
Elevator call,459.1711197079285,0,1,3,8, Done, dt, 23.828880292071517
Elevator call,460.29985923846334,0,44,3,2, Done, dt, 79.70014076153666
Elevator call,466.2828258638442,-3,22,3,4, Done, dt, 108.71717413615579
Elevator call,468.0898444148602,9,12,3,5, Done, dt, 37.91015558513982
Elevator call,468.8096805917712,-4,27,3,1, Done, dt, 97.19031940822879
Elevator call,469.310926392428,-2,0,3,2, Done, dt, 16.689073607572027
Elevator call,473.7625230253907,0,3,3,8, Done, dt, 33.23747697460931
Elevator call,475.6592720845995,-3,17,3,6, Done, dt, 82.34072791540052
Elevator call,475.75634847981314,0,5,3,4, Done, dt, 72.24365152018686
Elevator call,481.281534942201,-4,32,3,8, Done, dt, 246.718465057799
Elevator call,488.83835985282417,0,21,3,2, Done, dt, 136.16164014717583
Elevator call,494.2289555346056,-4,44,3,5, Done, dt, 96.77104446539443
Elevator call,494.9607965395985,0,17,3,8, Done, dt, 62.039203460401495
Elevator call,496.6254987576124,-1,6,3,6, Done, dt, 40.37450124238762
Elevator call,499.05586101531685,0,18,3,1, Done, dt, 47.94413898468315
Elevator call,499.0584255361498,49,-3,3,0, Done, dt, 345.9415744638502
Elevator call,505.16613839243473,36,0,3,0, Done, dt, 126.83386160756527
Elevator call,505.6566422952949,0,-4,3,9, Done, dt, 57.34335770470511
Elevator call,518.0671397332062,44,-2,3,9, Done, dt, 158.9328602667938
Elevator call,518.0880901967789,40,42,3,2, Done, dt, 147.91190980322108
Elevator call,520.0558146253045,-4,23,3,2, Done, dt, 312.9441853746955
Elevator call,529.1038889273484,-4,44,3,5, Done, dt, 61.89611107265159
Elevator call,540.3602365444688,-4,2,3,5, Done, dt, 162.63976345553124
Elevator call,546.6587095561388,31,-2,3,3, Done, dt, 128.34129044386123
Elevator call,548.4197675221164,37,-1,3,6, Done, dt, 87.58023247788356
Elevator call,550.5479493292721,-2,12,3,4, Done, dt, 96.45205067072789
Elevator call,552.3403654341223,0,24,3,1, Done, dt, 110.6596345658777
Elevator call,559.0984936097279,0,48,3,1, Done, dt, 137.90150639027206
Elevator call,559.7947453492557,26,-2,3,3, Done, dt, 115.20525465074434
Elevator call,565.1545071354235,0,17,3,8, Done, dt, 137.8454928645765
Elevator call,568.1655800754872,-3,11,3,8, Done, dt, 118.83441992451276
Elevator call,580.1703274780434,-1,17,3,7, Done, dt, 148.82967252195658
Elevator call,582.4516390620886,-4,29,3,7, Done, dt, 212.5483609379114
Elevator call,589.0230372565832,-2,0,3,1, Done, dt, 193.97696274341683
Elevator call,595.490775913092,-2,34,3,6, Done, dt, 138.50922408690803
Elevator call,597.5318029103412,-4,0,3,7, Done, dt, 104.46819708965882
Elevator call,607.5990041120776,-1,35,3,6, Done, dt, 137.40099588792236
Elevator call,610.140951042742,2,-1,3,0, Done, dt, 46.85904895725798
Elevator call,611.224500217684,-4,5,3,1, Done, dt, 186.77549978231605
Elevator call,612.0358635006885,0,16,3,4, Done, dt, 96.96413649931151
Elevator call,613.9293840790681,-2,13,3,2, Done, dt, 199.0706159209319
Elevator call,616.3622393479691,-3,6,3,2, Done, dt, 145.63776065203092
Elevator call,623.189995332772,-2,30,3,4, Done, dt, 109.81000466722799
Elevator call,624.2051767199082,-2,35,3,4, Done, dt, 123.7948232800918
Elevator call,624.9698485206718,-3,1,3,5, Done, dt, 197.0301514793282
Elevator call,629.4378654758448,-1,-3,3,0, Done, dt, 39.562134524155226
Elevator call,631.070552463676,-3,25,3,6, Done, dt, 263.929447536324
Elevator call,633.831429732139,-4,13,3,6, Done, dt, 197.168570267861
Elevator call,636.2539273076598,0,11,3,6, Done, dt, 64.74607269234025
Elevator call,639.7422437412283,0,42,3,5, Done, dt, 113.25775625877168
Elevator call,651.3868818369699,-4,-1,3,5, Done, dt, 38.613118163030094
Elevator call,652.5679783504393,-4,14,3,3, Done, dt, 82.43202164956074
Elevator call,653.5233419127721,-4,17,3,9, Done, dt, 66.47665808722786
Elevator call,653.5767423330274,0,9,3,1, Done, dt, 158.42325766697263
Elevator call,656.5075633958386,50,-3,3,0, Done, dt, 188.4924366041614
Elevator call,660.0054452877641,0,2,3,6, Done, dt, 21.994554712235868
Elevator call,670.989016205667,0,7,3,3, Done, dt, 47.010983794333015
Elevator call,673.6204302245446,-2,-4,3,0, Done, dt, 182.37956977545537
Elevator call,673.8229933731336,0,-2,3,0, Done, dt, 160.1770066268664
Elevator call,675.8277544680782,-2,-3,3,0, Done, dt, 169.17224553192182
Elevator call,690.3435071708357,-4,40,3,9, Done, dt, 182.65649282916434
Elevator call,691.7480968908078,45,-4,3,0, Done, dt, 164.2519031091922
Elevator call,699.6717221723206,0,-1,3,0, Done, dt, 123.32827782767936
Elevator call,704.514667934332,0,-2,3,8, Done, dt, 98.48533206566799
Elevator call,705.2713073876516,0,37,3,7, Done, dt, 107.72869261234837
Elevator call,706.2201195583057,-1,0,3,7, Done, dt, 180.77988044169433
Elevator call,708.0658532183179,-2,28,3,2, Done, dt, 139.9341467816821
Elevator call,711.129308865326,-4,35,3,4, Done, dt, 154.87069113467396
Elevator call,713.1376730035772,-4,41,3,3, Done, dt, 104.86232699642278
Elevator call,715.847799365004,12,-2,3,8, Done, dt, 87.152200634996
Elevator call,717.5512012445001,-4,-5,3,8, Done, dt, 108.44879875549987
Elevator call,741.5622717619144,-3,0,3,4, Done, dt, 79.43772823808558
Elevator call,745.5777355501236,-1,3,3,2, Done, dt, 47.422264449876366
Elevator call,748.0824474536339,-4,0,3,9, Done, dt, 17.917552546366096
Elevator call,748.1507335303845,0,14,3,7, Done, dt, 162.8492664696155
Elevator call,753.4612292561235,48,-4,3,8, Done, dt, 197.5387707438765
Elevator call,754.6284250093952,-3,33,3,9, Done, dt, 101.37157499060481
Elevator call,767.4868399779632,-3,30,3,3, Done, dt, 178.5131600220368
Elevator call,774.1687516633001,0,-1,3,8, Done, dt, 17.8312483366999
Elevator call,775.2702685445281,-3,29,3,9, Done, dt, 66.72973145547189
Elevator call,777.9417682604236,0,18,3,9, Done, dt, 43.0582317395764
Elevator call,778.6706319352074,-3,20,3,7, Done, dt, 148.32936806479256
Elevator call,806.6390731763337,-3,33,3,6, Done, dt, 106.36092682366632
Elevator call,817.4873896408544,-3,40,3,5, Done, dt, 180.51261035914558
Elevator call,822.8097093265976,-4,30,3,4, Done, dt, 180.1902906734024
Elevator call,831.138684889266,0,36,3,5, Done, dt, 152.86131511073404
Elevator call,833.4568374273454,-4,-1,3,1, Done, dt, 36.54316257265464
Elevator call,836.0439962699525,0,29,3,5, Done, dt, 52.95600373004754
Elevator call,838.621570462085,10,-3,3,8, Done, dt, 272.37842953791505
Elevator call,839.8585210604213,-4,26,3,5, Done, dt, 287.14147893957875
Elevator call,845.239391091478,-2,30,3,0, Done, dt, 64.76060890852204
Elevator call,853.3581855434887,0,9,3,5, Done, dt, 93.64181445651127
Elevator call,858.0973433429377,-3,-1,3,7, Done, dt, 17.902656657062266
Elevator call,858.7640159647192,-4,3,3,1, Done, dt, 51.23598403528081
Elevator call,866.5927868088187,34,17,3,8, Done, dt, 159.4072131911813
Elevator call,871.2739789725391,-3,2,3,3, Done, dt, 16.726021027460888
Elevator call,872.5166551295156,0,-1,3,0, Done, dt, 98.48334487048442
Elevator call,872.5448365095152,0,42,3,1, Done, dt, 86.45516349048478
Elevator call,873.723507324602,0,-1,3,0, Done, dt, 97.276492675398
Elevator call,878.9296668926661,3,27,3,3, Done, dt, 54.07033310733391
Elevator call,883.1763136297499,0,-4,3,2, Done, dt, 52.82368637025013
Elevator call,887.5384281811356,2,-4,3,0, Done, dt, 96.4615718188644
Elevator call,901.9306690924346,-2,32,3,6, Done, dt, 100.06933090756536
Elevator call,903.9760088669913,-4,-2,3,3, Done, dt, 98.02399113300874
Elevator call,904.4493607498194,0,32,3,5, Done, dt, 238.55063925018055
Elevator call,904.7476220042074,-3,13,3,7, Done, dt, 91.25237799579259
Elevator call,908.2916284360872,0,25,3,4, Done, dt, 79.7083715639128
Elevator call,910.091855145348,-4,25,3,1, Done, dt, 153.90814485465205
Elevator call,916.9117749072182,5,32,3,1, Done, dt, 164.08822509278184
Elevator call,920.3691333028187,-2,18,3,4, Done, dt, 50.63086669718132
Elevator call,926.6693132841524,-4,0,3,2, Done, dt, 34.330686715847605
Elevator call,928.0707967206309,-2,35,3,2, Done, dt, 88.92920327936906
Elevator call,940.046133612081,-1,38,3,7, Done, dt, 228.953866387919
Elevator call,943.9513718350207,0,-4,3,0, Done, dt, 40.04862816497928
Elevator call,948.1728690237836,41,0,3,9, Done, dt, 62.82713097621638
Elevator call,952.7566520990791,0,41,3,7, Done, dt, 81.24334790092087
Elevator call,953.7894216698521,-3,45,3,7, Done, dt, 232.21057833014788
Elevator call,956.5930699726732,0,2,3,2, Done, dt, 17.40693002732678
Elevator call,961.6163921662815,-3,-4,3,6, Done, dt, 127.38360783371854
Elevator call,966.5176234702363,0,-1,3,6, Done, dt, 88.48237652976366
Elevator call,966.9256591285076,0,-4,3,0, Done, dt, 45.07434087149238
Elevator call,977.2552179973972,0,43,3,2, Done, dt, 342.74478200260285
Elevator call,979.9158768124348,0,38,3,7, Done, dt, 189.08412318756518
Elevator call,980.4155993581822,41,0,3,9, Done, dt, 152.58440064181775
Elevator call,981.5140367713311,-4,48,3,3, Done, dt, 225.48596322866888
Elevator call,986.5456660052421,0,40,3,3, Done, dt, 88.45433399475792
Elevator call,991.1137281303481,16,-1,3,4, Done, dt, 62.886271869651864
Elevator call,996.3578078670561,0,14,3,3, Done, dt, 42.64219213294393
Elevator call,1003.2388752116157,-1,2,3,0, Done, dt, 61.761124788384336
Elevator call,1007.7458269955551,48,0,3,8, Done, dt, 262.25417300444485
Elevator call,1010.6898119420231,0,43,3,3, Done, dt, 77.31018805797692
Elevator call,1010.9391008294499,0,50,3,0, Done, dt, 152.0608991705501
Elevator call,1013.8120920845433,-4,42,3,0, Done, dt, 131.18790791545666
Elevator call,1014.8218066567042,37,2,3,8, Done, dt, 243.1781933432958
Elevator call,1020.995566143799,14,-2,3,8, Done, dt, 79.00443385620099
Elevator call,1026.0632373857823,-3,38,3,7, Done, dt, 142.93676261421774
Elevator call,1033.9873027755625,0,2,3,1, Done, dt, 101.01269722443749
Elevator call,1034.2429393962907,-1,4,3,4, Done, dt, 35.757060603709306
Elevator call,1037.5381863870532,32,33,3,2, Done, dt, 242.4618136129468
Elevator call,1039.0166386683122,12,0,3,8, Done, dt, 47.983361331687775
Elevator call,1040.8785473199173,35,-1,3,8, Done, dt, 240.1214526800827
Elevator call,1046.4929541791291,-3,47,3,5, Done, dt, 131.50704582087087
Elevator call,1047.0640670584146,0,34,3,0, Done, dt, 59.935932941585406
Elevator call,1052.1533586579985,-1,-2,3,6, Done, dt, 14.846641342001476
Elevator call,1055.7654004279252,24,0,3,8, Done, dt, 214.23459957207479
Elevator call,1056.025973584793,37,-1,3,9, Done, dt, 144.97402641520694
Elevator call,1056.7263776548543,-2,9,3,4, Done, dt, 92.27362234514567
Elevator call,1058.3081232225413,-3,0,3,5, Done, dt, 18.691876777458674
Elevator call,1064.8596084053365,0,9,3,2, Done, dt, 101.14039159466347
Elevator call,1068.133111272949,-2,41,3,5, Done, dt, 93.86688872705099
Elevator call,1071.5299202590627,19,-4,3,9, Done, dt, 184.4700797409373
Elevator call,1072.6931573031131,0,-2,3,8, Done, dt, 27.30684269688686
Elevator call,1076.5286858938407,-4,0,3,2, Done, dt, 364.4713141061593
Elevator call,1081.876341151392,47,-4,3,6, Done, dt, 189.1236588486081
Elevator call,1085.4640067716095,-1,48,3,4, Done, dt, 122.53599322839045
Elevator call,1087.096912309178,0,45,3,4, Done, dt, 107.90308769082208
Elevator call,1089.1330034314287,37,38,3,0, Done, dt, 41.86699656857127
Elevator call,1096.1940935251605,27,26,3,6, Done, dt, 308.8059064748395
Elevator call,1096.3608057449887,33,-4,3,6, Done, dt, 417.63919425501126
Elevator call,1097.8682818024386,-1,8,3,4, Done, dt, 40.13171819756144
Elevator call,1097.9943797079113,21,0,3,6, Done, dt, 391.0056202920887
Elevator call,1099.5628598638423,0,7,3,7, Done, dt, 28.437140136157723
Elevator call,1103.5139321133852,46,20,3,6, Done, dt, 345.4860678866148
Elevator call,1109.5092579654965,18,0,3,9, Done, dt, 79.49074203450346
Elevator call,1113.4819378281786,-1,-2,3,6, Done, dt, 135.51806217182138
Elevator call,1114.3387460280615,-2,38,3,4, Done, dt, 227.66125397193855
Elevator call,1120.783107178419,8,-3,3,6, Done, dt, 139.21689282158104
Elevator call,1124.2866803183526,-1,-2,3,1, Done, dt, 35.71331968164736
Elevator call,1124.5204362199445,-1,15,3,5, Done, dt, 149.4795637800555
Elevator call,1127.2771396873368,0,46,3,4, Done, dt, 232.72286031266322
Elevator call,1129.6951840556462,50,7,3,1, Done, dt, 227.30481594435378
Elevator call,1130.7796742473615,31,-2,3,6, Done, dt, 118.22032575263847
Elevator call,1131.9386400734377,0,37,3,7, Done, dt, 166.06135992656232
Elevator call,1133.4974683313176,46,0,3,1, Done, dt, 240.50253166868242
Elevator call,1136.9794442952211,46,-4,3,8, Done, dt, 370.0205557047789
Elevator call,1137.7165617865576,-1,-2,3,1, Done, dt, 22.283438213442423
Elevator call,1140.1116595096928,41,48,3,5, Done, dt, 48.8883404903072
Elevator call,1140.607781227626,0,9,3,2, Done, dt, 25.392218772374008
Elevator call,1147.586188832025,0,19,3,2, Done, dt, 66.41381116797493
Elevator call,1150.267507837832,0,31,3,3, Done, dt, 155.732492162168
Elevator call,1151.658727358963,49,36,3,0, Done, dt, 55.341272641036994
Elevator call,1155.2478699706228,27,-3,3,0, Done, dt, 151.7521300293772
Elevator call,1155.513869719589,-4,0,3,4, Done, dt, 138.4861302804111
Elevator call,1156.9334725726774,0,-2,3,9, Done, dt, 77.06652742732263
Elevator call,1160.0660631455569,-4,1,3,3, Done, dt, 281.9339368544431
Elevator call,1161.6591338245048,-3,45,3,3, Done, dt, 442.3408661754952
Elevator call,1164.728331519608,-4,0,3,2, Done, dt, 276.271668480392
Elevator call,1169.4817505427018,43,11,3,0, Done, dt, 92.51824945729823
Elevator call,1172.241691763238,0,4,3,7, Done, dt, 82.7583082367621
Elevator call,1175.8064061576379,-1,-3,3,9, Done, dt, 69.19359384236213
Elevator call,1177.299486235032,0,33,3,2, Done, dt, 102.70051376496804
Elevator call,1177.7987404978467,-4,-3,3,2, Done, dt, 230.20125950215333
Elevator call,1178.015835246246,0,-1,3,9, Done, dt, 22.98416475375393
Elevator call,1181.3039754485312,6,-1,3,6, Done, dt, 56.69602455146878
Elevator call,1189.747135005189,3,33,3,2, Done, dt, 90.25286499481103
Elevator call,1191.7807556168002,0,-1,3,9, Done, dt, 31.219244383199793
Elevator call,1194.3589871904749,33,0,3,0, Done, dt, 88.64101280952514
Elevator call,1194.8279267574135,-4,33,3,5, Done, dt, 177.17207324258652
Elevator call,1195.0197302538409,19,-3,3,1, Done, dt, 211.98026974615914
Elevator call,1196.736234981608,0,49,3,3, Done, dt, 137.26376501839195
Elevator call,1199.0927229254387,32,-2,3,1, Done, dt, 196.9072770745613
Elevator call,1212.9495496617437,-3,0,3,7, Done, dt, 160.05045033825627
Elevator call,1213.4952781288955,42,0,3,6, Done, dt, 275.5047218711045
Elevator call,1230.8474497682323,-4,-3,3,7, Done, dt, 129.1525502317677
Elevator call,1234.2249555408423,0,-3,3,8, Done, dt, 68.7750444591577
Elevator call,1256.0136918361975,-3,46,3,9, Done, dt, 155.9863081638025
Elevator call,1256.2956453637985,28,48,3,2, Done, dt, 78.70435463620151
Elevator call,1257.5151982624272,-3,23,3,9, Done, dt, 121.48480173757275
Elevator call,1257.8673734486724,-3,40,3,3, Done, dt, 331.1326265513276
Elevator call,1258.161774931175,47,-4,3,1, Done, dt, 351.83822506882507
Elevator call,1258.6213960712685,-4,16,3,9, Done, dt, 103.37860392873154
Elevator call,1260.4164516948672,30,-1,3,1, Done, dt, 124.58354830513281
Elevator call,1261.00756521848,37,-1,3,1, Done, dt, 325.99243478151993
Elevator call,1267.841295487607,-3,-4,3,8, Done, dt, 46.15870451239289
Elevator call,1268.5913848370521,0,-2,3,0, Done, dt, 27.408615162947854
Elevator call,1269.1090305791686,-2,-3,3,8, Done, dt, 33.890969420831425
Elevator call,1278.2055930716074,-4,-5,3,8, Done, dt, 46.79440692839262
Elevator call,1278.5528936861847,17,8,3,1, Done, dt, 67.44710631381531
Elevator call,1280.7434642536655,0,13,3,9, Done, dt, 68.25653574633452
Elevator call,1283.268844048232,-3,-4,3,8, Done, dt, 30.73115595176796
Elevator call,1285.798385882397,-4,0,3,7, Done, dt, 87.20161411760296
Elevator call,1292.3129101975474,-1,35,3,3, Done, dt, 281.68708980245265
Elevator call,1293.4065510053879,-1,23,3,9, Done, dt, 85.59344899461212
Elevator call,1295.1651335589634,-1,38,3,5, Done, dt, 101.83486644103664
Elevator call,1308.551782108946,0,-2,3,0, Done, dt, 25.4482178910539
Elevator call,1309.1069505192158,47,-2,3,1, Done, dt, 288.89304948078416
Elevator call,1309.8273426190822,-2,36,3,5, Done, dt, 75.17265738091783
Elevator call,1311.5960347496234,-1,0,3,9, Done, dt, 14.403965250376586
Elevator call,1316.6618116037375,27,-1,3,0, Done, dt, 124.33818839626247
Elevator call,1319.1400616921742,48,32,3,8, Done, dt, 275.8599383078258
Elevator call,1321.8354086257034,30,-4,3,8, Done, dt, 185.1645913742966
Elevator call,1330.157155209612,-3,48,3,3, Done, dt, 286.84284479038797
Elevator call,1331.2069623289547,38,-2,3,0, Done, dt, 284.79303767104534
Elevator call,1333.039214889335,-3,-2,3,2, Done, dt, 85.96078511066503
Elevator call,1333.1976354198257,-4,0,3,5, Done, dt, 163.8023645801743
Elevator call,1335.7389474728477,-4,-2,3,4, Done, dt, 96.26105252715229
Elevator call,1343.4698084673373,15,2,3,1, Done, dt, 230.53019153266268
Elevator call,1345.7896513912394,10,0,3,8, Done, dt, 116.21034860876057
Elevator call,1351.7657314337291,8,0,3,0, Done, dt, 78.23426856627088
Elevator call,1355.5862756776796,35,0,3,6, Done, dt, 133.41372432232038
Elevator call,1359.396046897693,-4,-2,3,5, Done, dt, 101.60395310230706
Elevator call,1359.6819449257098,19,-2,3,0, Done, dt, 92.31805507429021
Elevator call,1361.8096323938537,-4,5,3,7, Done, dt, 88.19036760614631
Elevator call,1364.6717044093705,0,46,3,7, Done, dt, 206.32829559062952
Elevator call,1367.6027041050029,0,24,3,7, Done, dt, 131.39729589499711
Elevator call,1373.0882582142779,15,-4,3,1, Done, dt, 236.91174178572214
Elevator call,1376.3963255999447,-2,0,3,2, Done, dt, 64.6036744000553
Elevator call,1376.7489948278671,-4,25,3,7, Done, dt, 133.25100517213286
Elevator call,1377.8828637044182,-2,-4,3,1, Done, dt, 40.11713629558176
Elevator call,1382.6004668956462,9,-3,3,9, Done, dt, 308.39953310435385
Elevator call,1386.1134891552115,8,32,3,2, Done, dt, 107.88651084478852
Elevator call,1387.5517420446376,0,-4,3,9, Done, dt, 314.44825795536235
Elevator call,1389.5699136864034,-1,44,3,7, Done, dt, 169.43008631359658
Elevator call,1389.5832358917437,0,25,3,4, Done, dt, 122.4167641082563
Elevator call,1398.190189958595,0,36,3,7, Done, dt, 142.80981004140494
Elevator call,1398.8116314078034,0,11,3,3, Done, dt, 63.18836859219664
Elevator call,1399.5445037934523,-4,34,3,4, Done, dt, 324.45549620654765
Elevator call,1401.7909233822816,-2,-1,3,2, Done, dt, 28.209076617718438
Elevator call,1409.0936787967266,25,0,3,6, Done, dt, 79.90632120327336
Elevator call,1409.5865764185655,-1,25,3,4, Done, dt, 102.41342358143447
Elevator call,1413.057875353343,-1,25,3,7, Done, dt, 96.94212464665702
Elevator call,1413.8491057137267,-4,34,3,5, Done, dt, 334.15089428627334
Elevator call,1415.2198614251874,45,0,3,9, Done, dt, 144.78013857481255
Elevator call,1430.9174116229583,0,46,3,2, Done, dt, 97.0825883770417
Elevator call,1434.5299167441794,-1,41,3,4, Done, dt, 103.47008325582055
Elevator call,1436.2168629864145,0,-2,3,8, Done, dt, 48.783137013585474
Elevator call,1438.195963594985,0,-3,3,8, Done, dt, 57.80403640501504
Elevator call,1438.9733911522667,0,35,3,7, Done, dt, 91.02660884773331
Elevator call,1445.3997250625669,4,20,3,3, Done, dt, 59.60027493743314
Elevator call,1448.363061045125,-1,0,3,4, Done, dt, 28.63693895487495
Elevator call,1448.6192850758398,16,-1,3,6, Done, dt, 52.3807149241602
Elevator call,1450.8833901237965,8,47,3,5, Done, dt, 147.11660987620348
Elevator call,1453.0719209259003,32,4,3,1, Done, dt, 108.92807907409974
Elevator call,1453.2796698523143,-4,-3,3,5, Done, dt, 30.720330147685672
Elevator call,1453.9463870022385,0,-1,3,8, Done, dt, 20.053612997761547
Elevator call,1454.8285009964547,-3,41,3,5, Done, dt, 127.17149900354525
Elevator call,1456.729155879928,24,-4,3,8, Done, dt, 338.27084412007207
Elevator call,1458.6556107182482,-4,48,3,7, Done, dt, 324.3443892817518
Elevator call,1462.670036288836,-4,0,3,4, Done, dt, 176.32996371116405
Elevator call,1463.9216608161023,-2,29,3,4, Done, dt, 245.0783391838977
Elevator call,1467.0278870048103,23,-2,3,6, Done, dt, 232.97211299518972
Elevator call,1467.776637427496,-4,47,3,2, Done, dt, 284.2233625725039
Elevator call,1469.4040181557145,44,-4,3,6, Done, dt, 242.59598184428546
Elevator call,1470.0343725472844,-2,-4,3,0, Done, dt, 167.96562745271558
Elevator call,1470.5915544130855,10,-2,3,0, Done, dt, 145.40844558691447
Elevator call,1473.8357063300914,24,0,3,8, Done, dt, 221.1642936699086
Elevator call,1480.1127424576987,0,-1,3,6, Done, dt, 20.887257542301313
Elevator call,1480.8499657928244,-4,0,3,7, Done, dt, 194.15003420717562
Elevator call,1484.4219848364883,-2,5,3,5, Done, dt, 41.578015163511736
Elevator call,1484.9843372457965,40,0,3,9, Done, dt, 331.0156627542035
Elevator call,1486.4270603590999,8,30,3,3, Done, dt, 72.57293964090013
Elevator call,1491.5501911539536,-3,-1,3,7, Done, dt, 172.44980884604638
Elevator call,1492.2050732571352,-4,39,3,4, Done, dt, 246.79492674286485
Elevator call,1493.5040011527858,9,0,3,0, Done, dt, 110.4959988472142
Elevator call,1501.9792231166773,-4,12,3,2, Done, dt, 143.0207768833227
Elevator call,1504.345129229799,0,-1,3,8, Done, dt, 277.6548707702009
Elevator call,1506.6405513680484,30,0,3,9, Done, dt, 161.35944863195164
Elevator call,1511.122814913926,7,-4,3,6, Done, dt, 200.87718508607395
Elevator call,1512.0862103742395,-3,0,3,5, Done, dt, 180.9137896257605
Elevator call,1517.0997562085338,22,-3,3,0, Done, dt, 109.90024379146621
Elevator call,1519.0011868479132,34,-2,3,9, Done, dt, 160.99881315208677
Elevator call,1521.3196549866036,-3,0,3,5, Done, dt, 171.6803450133964
Elevator call,1521.9781647845343,0,-1,3,8, Done, dt, 260.02183521546567
Elevator call,1522.6379258519248,0,4,3,3, Done, dt, 202.36207414807518
Elevator call,1530.5513745983471,-4,1,3,4, Done, dt, 120.44862540165286
Elevator call,1530.85754457119,-1,11,3,2, Done, dt, 373.1424554288101
Elevator call,1536.7016899722921,46,0,3,1, Done, dt, 241.29831002770788
Elevator call,1544.548897024319,-3,45,3,4, Done, dt, 220.4511029756809
Elevator call,1550.7748573437716,-2,4,3,7, Done, dt, 138.2251426562284
Elevator call,1551.5046043588582,-2,42,3,7, Done, dt, 215.49539564114184
Elevator call,1553.774225694755,-3,5,3,7, Done, dt, 146.22577430524507
Elevator call,1554.4984888175804,43,0,3,6, Done, dt, 287.50151118241956
Elevator call,1557.8899977710064,-2,5,3,2, Done, dt, 330.1100022289936
Elevator call,1559.9211648743733,30,-1,3,6, Done, dt, 129.0788351256267
Elevator call,1560.2286689629939,-3,4,3,3, Done, dt, 164.77133103700612
Elevator call,1562.8630509641032,-3,43,3,4, Done, dt, 190.1369490358968
Elevator call,1569.1249367131154,41,38,3,8, Done, dt, 57.8750632868846
Elevator call,1573.8160167405301,19,0,3,0, Done, dt, 126.18398325946987
Elevator call,1575.8128326474823,36,0,3,6, Done, dt, 102.18716735251769
Elevator call,1578.228615210757,-3,31,3,4, Done, dt, 342.77138478924303
Elevator call,1586.8782337177286,21,-4,3,9, Done, dt, 115.12176628227144
Elevator call,1586.8937915181255,-2,32,3,2, Done, dt, 130.10620848187455
Elevator call,1588.7886769605539,-2,-1,3,2, Done, dt, 23.211323039446143
Elevator call,1593.620333329857,-1,35,3,2, Done, dt, 136.37966667014302
Elevator call,1596.42375311512,41,-2,3,6, Done, dt, 283.57624688488
Elevator call,1596.498825648534,-3,19,3,4, Done, dt, 82.50117435146603
Elevator call,1599.6023362357776,26,-4,3,8, Done, dt, 195.39766376422244
Elevator call,1606.048199107591,-2,7,3,3, Done, dt, 131.95180089240898
Elevator call,1607.039780635179,0,29,3,2, Done, dt, 96.96021936482089
Elevator call,1609.3913935044425,0,39,3,7, Done, dt, 144.60860649555752
Elevator call,1609.6899676101227,-3,-2,3,2, Done, dt, 213.31003238987728
Elevator call,1611.625231787892,-2,0,3,4, Done, dt, 27.374768212107938
Elevator call,1624.8359044781635,-1,49,3,3, Done, dt, 185.16409552183654
Elevator call,1625.9681052615276,-1,4,3,7, Done, dt, 63.031894738472374
Elevator call,1626.1790792816892,-3,0,3,2, Done, dt, 218.82092071831084
Elevator call,1629.9601990569108,6,25,3,2, Done, dt, 60.039800943089176
Elevator call,1630.1516366527085,-4,-3,3,3, Done, dt, 253.84836334729152
Elevator call,1630.1599428424747,-4,0,3,5, Done, dt, 62.84005715752528
Elevator call,1633.8628536891015,0,45,3,4, Done, dt, 131.13714631089852
Elevator call,1637.4322316164148,-4,7,3,5, Done, dt, 221.5677683835852
Elevator call,1647.6372030195641,36,-1,3,9, Done, dt, 231.36279698043586
Elevator call,1647.672741079407,22,-2,3,1, Done, dt, 142.32725892059307
Elevator call,1662.5516512983957,-1,35,3,5, Done, dt, 96.44834870160435
Elevator call,1663.2806784599318,36,0,3,1, Done, dt, 114.71932154006822
Elevator call,1664.5476696784963,24,43,3,4, Done, dt, 88.45233032150372
Elevator call,1665.195253462125,22,1,3,8, Done, dt, 92.80474653787496
Elevator call,1665.919196366534,0,10,3,4, Done, dt, 214.08080363346608
Elevator call,1682.3284965323571,0,31,3,5, Done, dt, 52.67150346764288
Elevator call,1690.2221532748383,9,-1,3,0, Done, dt, 48.77784672516168
Elevator call,1692.6152969267432,28,0,3,1, Done, dt, 85.38470307325679
Elevator call,1696.2589094900918,-1,47,3,5, Done, dt, 232.7410905099082
Elevator call,1696.2918626858586,24,-2,3,6, Done, dt, 183.70813731414137
Elevator call,1698.762803655117,-1,37,3,7, Done, dt, 223.23719634488293
Elevator call,1701.4201763845674,-2,0,3,7, Done, dt, 163.5798236154326
Elevator call,1701.8803706148465,23,-3,3,1, Done, dt, 99.11962938515353
Elevator call,1706.5142392407379,-1,0,3,5, Done, dt, 135.48576075926212
Elevator call,1708.6991482884316,44,-4,3,8, Done, dt, 332.3008517115684
Elevator call,1717.932502343578,40,17,3,8, Done, dt, 231.0674976564219
Elevator call,1719.7282817994467,-2,35,3,0, Done, dt, 77.27171820055332
Elevator call,1719.963571290317,0,28,3,5, Done, dt, 180.03642870968292
Elevator call,1725.9393946095554,47,-4,3,1, Done, dt, 326.0606053904446
Elevator call,1726.1150084689243,48,0,3,8, Done, dt, 280.8849915310757
Elevator call,1730.2332666478117,15,47,3,3, Done, dt, 67.76673335218834
Elevator call,1732.9573661571876,-4,39,3,0, Done, dt, 252.0426338428124
Elevator call,1750.164102800524,0,40,3,0, Done, dt, 245.835897199476
Elevator call,1751.6678216247053,2,-4,3,8, Done, dt, 43.33217837529469
Elevator call,1764.8078559569117,0,38,3,0, Done, dt, 209.19214404308832
Elevator call,1769.8389626703392,-4,-2,3,3, Done, dt, 125.16103732966076
Elevator call,1777.4224004844104,16,0,3,9, Done, dt, 90.57759951558955
Elevator call,1779.5704493989094,23,-4,3,1, Done, dt, 272.42955060109057
Elevator call,1783.460185580543,0,39,3,7, Done, dt, 192.5398144194569
Elevator call,1793.1386632390193,-3,39,3,7, Done, dt, 346.86133676098075
Elevator call,1795.3840366329034,0,4,3,2, Done, dt, 63.61596336709658
Elevator call,1798.8062614274513,33,0,3,8, Done, dt, 208.19373857254868
Elevator call,1800.9212844133692,-2,19,3,5, Done, dt, 80.07871558663078
Elevator call,1801.3363361988281,39,-4,3,1, Done, dt, 459.6636638011719
Elevator call,1805.6961423798568,-2,0,3,7, Done, dt, 59.30385762014316
Elevator call,1805.9677687934318,-4,-1,3,4, Done, dt, 242.0322312065682
Elevator call,1809.0801264727436,32,17,3,8, Done, dt, 139.9198735272564
Elevator call,1810.4987269971934,28,-1,3,8, Done, dt, 207.50127300280656
Elevator call,1811.2985223081496,8,-2,3,6, Done, dt, 68.70147769185041
Elevator call,1811.839206541792,0,5,3,7, Done, dt, 68.16079345820799
Elevator call,1812.150597203872,-4,38,3,4, Done, dt, 324.84940279612806
Elevator call,1815.9544591774759,0,-1,3,1, Done, dt, 203.04554082252412
Elevator call,1824.5142257256014,-2,40,3,4, Done, dt, 115.48577427439864
Elevator call,1825.222850516972,-4,-2,3,5, Done, dt, 186.7771494830281
Elevator call,1834.5108518114855,-3,21,3,3, Done, dt, 135.4891481885145
Elevator call,1835.0542641279935,20,4,3,9, Done, dt, 182.94573587200648
Elevator call,1838.000616555032,0,20,3,4, Done, dt, 61.99938344496809
Elevator call,1840.6184402802592,-2,5,3,0, Done, dt, 56.381559719740835
Elevator call,1846.2152711396009,46,0,3,9, Done, dt, 185.78472886039913
Elevator call,1846.7868554713177,36,-1,3,1, Done, dt, 172.21314452868228
Elevator call,1847.2240792198515,0,44,3,2, Done, dt, 99.77592078014845
Elevator call,1847.4740671030434,46,-3,3,9, Done, dt, 230.52593289695665
Elevator call,1848.0602992362794,-3,34,3,0, Done, dt, 111.93970076372057
Elevator call,1848.9961542115327,-2,9,3,7, Done, dt, 241.0038457884673
Elevator call,1852.752340498449,26,0,3,9, Done, dt, 179.24765950155097
Elevator call,1859.349320167251,-3,34,3,5, Done, dt, 248.6506798327489
Elevator call,1873.359740399817,-3,-4,3,6, Done, dt, 28.64025960018307
Elevator call,1884.6047056912837,0,-1,3,9, Done, dt, 159.3952943087163
Elevator call,1885.681637444472,-1,13,3,3, Done, dt, 66.31836255552798
Elevator call,1885.9488042136463,0,-1,3,1, Done, dt, 133.05119578635367
Elevator call,1887.0557642165068,-3,0,3,3, Done, dt, 41.94423578349324
Elevator call,1889.4260573509669,3,26,3,0, Done, dt, 52.57394264903314
Elevator call,1898.8634607597169,-1,4,3,6, Done, dt, 61.13653924028313
Elevator call,1900.9976263527983,-2,30,3,6, Done, dt, 95.0023736472017
Elevator call,1901.607017830804,26,31,3,7, Done, dt, 56.3929821691961
Elevator call,1906.1523419323842,0,50,3,2, Done, dt, 154.84765806761584
Elevator call,1906.6598899662258,20,-3,3,1, Done, dt, 134.34011003377418
Elevator call,1909.655791312668,33,-4,3,9, Done, dt, 383.34420868733196
Elevator call,1912.2314885532705,-4,-5,3,1, Done, dt, 150.76851144672946
Elevator call,1914.8421297102818,28,-1,3,8, Done, dt, 103.15787028971818
Elevator call,1915.2291894348991,-3,21,3,0, Done, dt, 188.77081056510087
Elevator call,1917.69049401421,-3,14,3,3, Done, dt, 155.3095059857901
Elevator call,1917.7499176083586,-4,44,3,3, Done, dt, 205.2500823916414
Elevator call,1919.3074429779163,0,-1,3,1, Done, dt, 99.69255702208375
Elevator call,1919.6716972342283,-2,-3,3,1, Done, dt, 121.3283027657717
Elevator call,1920.3096711977526,0,3,3,6, Done, dt, 28.69032880224745
Elevator call,1921.7726611524859,-4,0,3,4, Done, dt, 137.22733884751415
Elevator call,1922.7883202140088,11,0,3,1, Done, dt, 85.21167978599124
Elevator call,1932.562950319554,17,-1,3,8, Done, dt, 85.43704968044608
Elevator call,1932.6573817735257,13,0,3,8, Done, dt, 74.34261822647431
Elevator call,1933.0337015632977,11,-3,3,8, Done, dt, 96.96629843670235
Elevator call,1936.0320781299527,-3,11,3,4, Done, dt, 143.96792187004735
Elevator call,1937.925728003978,15,0,3,8, Done, dt, 69.07427199602193
Elevator call,1938.0762716201752,11,-1,3,9, Done, dt, 105.92372837982475
Elevator call,1948.555681704303,0,-4,3,9, Done, dt, 140.44431829569703
Elevator call,1956.6023567263885,0,32,3,4, Done, dt, 164.3976432736115
Elevator call,1961.0240553170938,-2,-4,3,6, Done, dt, 242.97594468290617
Elevator call,1961.2369411325635,33,-3,3,1, Done, dt, 288.7630588674365
Elevator call,1963.2447780873338,-1,30,3,0, Done, dt, 159.75522191266623
Elevator call,1971.4873305677718,0,5,3,2, Done, dt, 178.51266943222822
Elevator call,1972.2600180059094,43,0,3,8, Done, dt, 178.7399819940906
Elevator call,1976.7333140795881,0,-1,3,6, Done, dt, 128.26668592041187
Elevator call,1981.7856707361307,43,0,3,8, Done, dt, 169.21432926386933
Elevator call,1987.0127160886243,-3,1,3,5, Done, dt, 57.9872839113757
Elevator call,1987.9478433322706,0,43,3,5, Done, dt, 139.05215666772938
Elevator call,1988.3117574500216,-2,5,3,2, Done, dt, 161.68824254997844
Elevator call,1993.2440328634868,-1,22,3,5, Done, dt, 92.75596713651316
Elevator call,1994.1579094560807,-1,14,3,5, Done, dt, 73.84209054391931
Elevator call,1994.7214522513736,11,-1,3,1, Done, dt, 232.27854774862635
Elevator call,2000.8830086749247,39,-2,3,1, Done, dt, 238.11699132507533
Elevator call,2002.4337488620786,-3,22,3,3, Done, dt, 88.56625113792143
Elevator call,2006.0789004130793,24,-1,3,6, Done, dt, 98.92109958692072
Elevator call,2006.0969317405777,-1,2,3,3, Done, dt, 44.9030682594223
Elevator call,2008.4617857810422,38,-4,3,9, Done, dt, 284.5382142189578
Elevator call,2012.1263566635726,0,2,3,3, Done, dt, 38.87364333642745
Elevator call,2019.5434215473765,0,-1,3,9, Done, dt, 24.45657845262349
Elevator call,2020.392520772742,-4,28,3,4, Done, dt, 86.60747922725795
Elevator call,2030.306197491227,8,36,3,7, Done, dt, 96.69380250877293
Elevator call,2033.6829780053977,-1,0,3,7, Done, dt, 27.317021994602328
Elevator call,2034.0703878283923,0,-1,3,9, Done, dt, 31.929612171607687
Elevator call,2037.5403520097275,43,-4,3,9, Done, dt, 255.45964799027252
Elevator call,2040.5403912392665,18,0,3,6, Done, dt, 327.45960876073354
Elevator call,2042.8936893216141,31,0,3,9, Done, dt, 226.10631067838585
Elevator call,2049.494678370923,29,-4,3,1, Done, dt, 211.50532162907712
Elevator call,2049.8943360013054,25,-4,3,1, Done, dt, 211.10566399869458
Elevator call,2052.1381634545337,0,42,3,0, Done, dt, 92.8618365454663
Elevator call,2055.2048584188574,-1,44,3,0, Done, dt, 101.79514158114262
Elevator call,2074.1602260070686,-3,48,3,5, Done, dt, 209.83977399293144
Elevator call,2074.827971861633,0,-3,3,6, Done, dt, 118.17202813836684
Elevator call,2078.503828327013,7,0,3,6, Done, dt, 81.4961716729872
Elevator call,2082.082000465484,5,0,3,6, Done, dt, 77.91799953451618
Elevator call,2082.7266932812413,0,-1,3,8, Done, dt, 80.2733067187587
Elevator call,2083.8462573018965,-4,5,3,0, Done, dt, 172.15374269810354
Elevator call,2087.101967355693,0,19,3,3, Done, dt, 118.89803264430702
Elevator call,2091.6492634975334,-2,50,3,2, Done, dt, 137.3507365024666
Elevator call,2094.104679152081,-4,-2,3,3, Done, dt, 156.8953208479188
Elevator call,2094.1862973617185,0,16,3,4, Done, dt, 116.81370263828148
Elevator call,2094.733112485749,0,19,3,0, Done, dt, 195.2668875142508
Elevator call,2106.798348438753,48,-4,3,9, Done, dt, 443.2016515612472
Elevator call,2107.243942145056,-3,23,3,7, Done, dt, 121.75605785494417
Elevator call,2109.847076987457,40,-2,3,1, Done, dt, 373.15292301254294
Elevator call,2110.283068689353,-3,-1,3,5, Done, dt, 84.71693131064694
Elevator call,2119.204458052775,0,-1,3,6, Done, dt, 51.79554194722505
Elevator call,2120.03235734159,0,-1,3,8, Done, dt, 42.967642658410114
Elevator call,2120.2698195490393,28,-3,3,6, Done, dt, 270.7301804509607
Elevator call,2121.3783153766067,0,-1,3,6, Done, dt, 49.62168462339332
Elevator call,2123.4911668562454,0,-1,3,6, Done, dt, 47.5088331437546
Elevator call,2129.2611835497505,1,-1,3,6, Done, dt, 41.73881645024949
Elevator call,2130.948478447417,-4,45,3,3, Done, dt, 207.05152155258293
Elevator call,2132.590041054732,16,0,3,1, Done, dt, 83.40995894526804
Elevator call,2136.177876849353,33,0,3,9, Done, dt, 132.8221231506468
Elevator call,2146.043528234148,7,-1,3,9, Done, dt, 133.9564717658518
Elevator call,2146.5467075788324,0,15,3,0, Done, dt, 129.4532924211676
Elevator call,2163.3526366870346,21,0,3,8, Done, dt, 63.64736331296535
Elevator call,2164.731467124051,-3,31,3,0, Done, dt, 345.26853287594895
Elevator call,2168.725268768976,0,36,3,2, Done, dt, 166.2747312310239
Elevator call,2170.41309061791,19,9,3,9, Done, dt, 59.5869093820902
Elevator call,2171.485302332734,40,0,3,6, Done, dt, 196.51469766726586
Elevator call,2173.769133159386,0,-1,3,8, Done, dt, 64.230866840614
Elevator call,2174.16323771391,35,0,3,6, Done, dt, 193.8367622860901
Elevator call,2178.1451183918025,0,1,3,5, Done, dt, 38.8548816081975
Elevator call,2180.5776227659526,-4,0,3,2, Done, dt, 240.42237723404742
Elevator call,2180.7777376319914,-1,11,3,5, Done, dt, 56.222262368008614
Elevator call,2185.3963906660806,39,-2,3,4, Done, dt, 256.6036093339194
Elevator call,2186.2575133426103,-3,45,3,7, Done, dt, 166.7424866573897
Elevator call,2187.578462424489,39,0,3,6, Done, dt, 180.42153757551114
Elevator call,2187.657378164671,39,-1,3,8, Done, dt, 282.3426218353288
Elevator call,2189.677537866209,0,-1,3,4, Done, dt, 240.32246213379085
Elevator call,2191.616205395384,37,7,3,8, Done, dt, 208.383794604616
Elevator call,2194.8834447012796,0,-2,3,8, Done, dt, 54.116555298720414
Elevator call,2196.9779474754614,-3,35,3,7, Done, dt, 136.0220525245386
Elevator call,2199.844327100281,33,0,3,9, Done, dt, 315.15567289971887
Elevator call,2213.053771619328,22,0,3,9, Done, dt, 301.946228380672
Elevator call,2219.465030465447,-1,-2,3,1, Done, dt, 19.534969534553056
Elevator call,2221.536680482424,-1,45,3,0, Done, dt, 104.46331951757611
Elevator call,2224.6662018751736,-1,7,3,3, Done, dt, 55.333798124826444
Elevator call,2227.1514009621083,6,0,3,9, Done, dt, 41.848599037891745
Elevator call,2230.3776313831686,44,39,3,9, Done, dt, 173.6223686168314
Elevator call,2230.495301840292,18,-3,3,4, Done, dt, 222.5046981597079
Elevator call,2230.7235109092044,10,0,3,4, Done, dt, 188.27648909079562
Elevator call,2231.8361504580835,-3,5,3,0, Done, dt, 202.16384954191653
Elevator call,2232.3214983791286,43,-4,3,9, Done, dt, 317.67850162087143
Elevator call,2234.2270941190295,-2,37,3,3, Done, dt, 85.77290588097048
Elevator call,2236.042603782985,0,-4,3,1, Done, dt, 268.9573962170148
Elevator call,2241.170720452289,0,-4,3,5, Done, dt, 246.82927954771094
Elevator call,2243.2262888110654,17,0,3,1, Done, dt, 195.7737111889346
Elevator call,2251.4613602595814,29,-4,3,4, Done, dt, 235.5386397404186
Elevator call,2254.3618219372593,0,15,3,0, Done, dt, 209.63817806274074
Elevator call,2261.5074145477065,9,0,3,5, Done, dt, 154.4925854522935
Elevator call,2261.692569772708,0,11,3,7, Done, dt, 37.307430227292116
Elevator call,2263.704459938657,45,15,3,9, Done, dt, 216.29554006134322
Elevator call,2273.176779905255,6,0,3,1, Done, dt, 165.823220094745
Elevator call,2277.3581445378272,-4,9,3,0, Done, dt, 170.64185546217277
Elevator call,2279.9622007779158,27,-1,3,6, Done, dt, 99.03779922208423
Elevator call,2283.5602111426383,29,-1,3,5, Done, dt, 181.4397888573617
Elevator call,2284.4914735138973,-4,-5,3,8, Done, dt, 219.5085264861027
Elevator call,2284.8116710136774,-4,-3,3,2, Done, dt, 111.18832898632263
Elevator call,2287.4025632555663,37,-4,3,5, Done, dt, 200.5974367444337
Elevator call,2290.734908718178,-3,0,3,0, Done, dt, 128.26509128182215
Elevator call,2294.4424718164473,-4,-1,3,7, Done, dt, 150.55752818355268
Elevator call,2299.8450112635733,27,0,3,4, Done, dt, 119.15498873642673
Elevator call,2306.5349614133897,-3,-1,3,7, Done, dt, 138.46503858661026
Elevator call,2309.1883409382654,19,-1,3,8, Done, dt, 160.81165906173464
Elevator call,2310.6411658033726,3,0,3,6, Done, dt, 57.35883419662741
Elevator call,2317.5657462046565,13,11,3,4, Done, dt, 70.43425379534347
Elevator call,2317.8269373323214,28,-3,3,8, Done, dt, 164.17306266767855
Elevator call,2317.8771053839428,-4,16,3,0, Done, dt, 157.12289461605724
Elevator call,2322.899527495319,-3,25,3,7, Done, dt, 169.10047250468097
Elevator call,2322.9265293765875,-2,0,3,3, Done, dt, 95.0734706234125
Elevator call,2324.1501592095906,34,-3,3,1, Done, dt, 169.84984079040942
Elevator call,2330.605563707075,24,-4,3,6, Done, dt, 240.3944362929251
Elevator call,2330.9863250382873,23,-4,3,5, Done, dt, 157.0136749617127
Elevator call,2331.70993107934,5,33,3,3, Done, dt, 159.2900689206599
Elevator call,2333.662971893577,1,49,3,2, Done, dt, 186.33702810642308
Elevator call,2340.1601898674744,18,0,3,8, Done, dt, 86.8398101325256
Elevator call,2348.150041653228,-3,5,3,2, Done, dt, 97.84995834677193
Elevator call,2354.2981839461927,15,-1,3,1, Done, dt, 95.7018160538073
Elevator call,2359.4536108053444,-4,33,3,0, Done, dt, 274.5463891946556
Elevator call,2360.6692470545195,-2,6,3,3, Done, dt, 221.33075294548053
Elevator call,2362.2659770580826,13,0,3,5, Done, dt, 53.734022941917374
Elevator call,2370.0057922495243,42,38,3,5, Done, dt, 203.99420775047565
Elevator call,2371.2874858814603,0,18,3,3, Done, dt, 84.71251411853973
Elevator call,2373.781177200145,-1,31,3,7, Done, dt, 144.21882279985493
Elevator call,2376.2638468069654,0,29,3,2, Done, dt, 103.73615319303462
Elevator call,2377.636874621852,43,-3,3,9, Done, dt, 161.3631253781482
Elevator call,2378.13998607122,1,0,3,4, Done, dt, 40.86001392878006
Elevator call,2379.7514952967376,-2,27,3,7, Done, dt, 124.24850470326237
Elevator call,2382.044788410501,-1,26,3,0, Done, dt, 112.95521158949896
Elevator call,2383.8229899074795,-3,0,3,2, Done, dt, 37.177010092520504
Elevator call,2385.2828325301425,30,0,3,1, Done, dt, 333.7171674698575
Elevator call,2387.241648330506,-4,0,3,2, Done, dt, 33.758351669494004
Elevator call,2390.1445902747987,0,5,3,3, Done, dt, 42.8554097252013
Elevator call,2391.239614841724,6,0,3,8, Done, dt, 35.76038515827622
Elevator call,2393.493325703101,48,-2,3,9, Done, dt, 328.50667429689884
Elevator call,2393.880062018883,-1,35,3,3, Done, dt, 109.11993798111689
Elevator call,2394.41599747194,-4,40,3,3, Done, dt, 253.58400252805995
Elevator call,2395.8785663049275,-1,25,3,3, Done, dt, 77.12143369507248
Elevator call,2397.7225060581127,9,0,3,5, Done, dt, 56.277493941887315
Elevator call,2398.4681711994945,25,-3,3,4, Done, dt, 276.53182880050554
Elevator call,2399.0243058960814,30,13,3,9, Done, dt, 92.97569410391861
Elevator call,2405.3879915923358,0,32,3,2, Done, dt, 87.61200840766423
Elevator call,2410.518570067554,30,14,3,5, Done, dt, 237.4814299324462
Elevator call,2410.751870221942,12,0,3,6, Done, dt, 89.24812977805777
Elevator call,2411.41235912064,6,0,3,8, Done, dt, 47.58764087936015
Elevator call,2421.3700667834355,-2,29,3,2, Done, dt, 200.6299332165645
Elevator call,2421.638330965294,-1,-4,3,4, Done, dt, 65.36166903470621
Elevator call,2422.047762487187,45,0,3,5, Done, dt, 299.9522375128131
Elevator call,2426.9353012743386,2,-2,3,4, Done, dt, 237.0646987256614
Elevator call,2432.179721712764,-4,0,3,0, Done, dt, 136.82027828723585
Elevator call,2433.0514032357246,21,-4,3,6, Done, dt, 137.9485967642754
Elevator call,2438.9617515324608,23,0,3,9, Done, dt, 76.03824846753923
Elevator call,2439.8431014194407,0,-1,3,1, Done, dt, 32.1568985805593
Elevator call,2442.6227976628834,-1,0,3,7, Done, dt, 14.377202337116614
Elevator call,2444.3832905692334,-2,-3,3,4, Done, dt, 31.616709430766605
Elevator call,2447.435116341085,50,6,3,1, Done, dt, 235.56488365891482
Elevator call,2447.8692982438984,-1,-3,3,5, Done, dt, 29.130701756101644
Elevator call,2449.118020548336,40,3,3,4, Done, dt, 169.88197945166394
Elevator call,2463.3545199987684,-2,-3,3,4, Done, dt, 12.64548000123159
Elevator call,2467.302332462817,5,-1,3,1, Done, dt, 262.69766753718295
Elevator call,2476.1663176945544,19,-4,3,9, Done, dt, 267.83368230544556
Elevator call,2477.584122544259,-3,0,3,7, Done, dt, 97.41587745574088
Elevator call,2478.0322772670493,0,-2,3,8, Done, dt, 53.96772273295073
Elevator call,2482.6773062487546,-3,40,3,7, Done, dt, 142.32269375124542
Elevator call,2486.043723963592,34,0,3,5, Done, dt, 235.95627603640787
Elevator call,2489.4764386965735,3,-4,3,6, Done, dt, 81.5235613034265
Elevator call,2489.540646371011,-1,-2,3,6, Done, dt, 58.45935362898899
Elevator call,2490.199968929273,31,-2,3,6, Done, dt, 248.80003107072707
Elevator call,2490.3913526194187,47,-3,3,1, Done, dt, 261.60864738058126
Elevator call,2490.3953829909597,22,-3,3,5, Done, dt, 264.60461700904034
Elevator call,2493.201480849345,45,22,3,4, Done, dt, 324.798519150655
Elevator call,2497.121190070802,0,-1,3,9, Done, dt, 29.878809929197814
Elevator call,2500.7941977189357,0,-1,3,6, Done, dt, 36.20580228106428
Elevator call,2502.806357364092,0,44,3,7, Done, dt, 316.19364263590796
Elevator call,2508.300299121295,-4,0,3,3, Done, dt, 89.69970087870479
Elevator call,2510.3114304608707,46,0,3,6, Done, dt, 206.68856953912928
Elevator call,2511.7679603612887,46,3,3,1, Done, dt, 194.23203963871129
Elevator call,2513.135362918554,7,-2,3,4, Done, dt, 150.86463708144584
Elevator call,2518.6726516493186,40,34,3,4, Done, dt, 267.3273483506814
Elevator call,2518.7121492372958,0,-4,3,8, Done, dt, 25.287850762704238
Elevator call,2519.998681808376,-3,6,3,2, Done, dt, 185.0013181916238
Elevator call,2524.5973533065376,-3,30,3,2, Done, dt, 214.40264669346243
Elevator call,2526.277384105768,18,-3,3,8, Done, dt, 210.72261589423215
Elevator call,2531.408017914936,31,-3,3,6, Done, dt, 218.59198208506405
Elevator call,2531.5812871853122,13,0,3,8, Done, dt, 172.41871281468775
Elevator call,2531.591807209142,43,0,3,8, Done, dt, 172.4081927908578
Elevator call,2534.9552466938185,2,-1,3,6, Done, dt, 193.04475330618152
Elevator call,2538.4992621567803,0,-2,3,1, Done, dt, 202.50073784321967
Elevator call,2542.1700509997077,-2,-3,3,6, Done, dt, 17.829949000292345
Elevator call,2543.0478247984524,8,0,3,4, Done, dt, 108.95217520154756
Elevator call,2543.3332113740094,-4,0,3,7, Done, dt, 348.66678862599065
Elevator call,2547.157617575322,10,-2,3,6, Done, dt, 191.8423824246779
Elevator call,2549.3492803525974,8,-2,3,9, Done, dt, 172.65071964740264
Elevator call,2556.0522098035485,-1,-2,3,8, Done, dt, 169.94779019645148
Elevator call,2557.16991721484,-1,29,3,0, Done, dt, 62.8300827851599
Elevator call,2561.68585891113,47,-2,3,8, Done, dt, 381.3141410888702
Elevator call,2564.1433162864314,11,0,3,5, Done, dt, 157.8566837135686
Elevator call,2564.786476406641,46,0,3,8, Done, dt, 356.2135235933588
Elevator call,2566.8691097034225,31,-1,3,1, Done, dt, 163.1308902965775
Elevator call,2567.1935091140194,23,0,3,5, Done, dt, 154.80649088598057
Elevator call,2567.6999159129373,47,-4,3,6, Done, dt, 383.3000840870627
Elevator call,2569.157439870216,-3,0,3,2, Done, dt, 107.84256012978403
Elevator call,2570.0758749957517,6,-3,3,9, Done, dt, 162.92412500424825
Elevator call,2570.829610649845,0,45,3,3, Done, dt, 192.1703893501549
Elevator call,2573.6545773706566,13,-2,3,1, Done, dt, 167.34542262934337
Elevator call,2578.040226656352,0,37,3,7, Done, dt, 143.95977334364807
Elevator call,2580.766543499626,15,-3,3,1, Done, dt, 171.2334565003739
Elevator call,2598.3001248938263,-2,-3,3,4, Done, dt, 76.69987510617375
Elevator call,2598.630298221444,7,-4,3,4, Done, dt, 87.36970177855619
Elevator call,2601.418036607822,49,0,3,8, Done, dt, 319.58196339217784
Elevator call,2602.2213167083137,0,22,3,3, Done, dt, 127.77868329168632
Elevator call,2611.476950047295,2,0,3,4, Done, dt, 40.52304995270515
Elevator call,2612.2071362421257,22,-3,3,5, Done, dt, 142.79286375787433
Elevator call,2618.332370458634,1,0,3,4, Done, dt, 33.66762954136584
Elevator call,2619.052570306915,-4,-1,3,2, Done, dt, 230.9474296930848
Elevator call,2621.2009609587844,-4,0,3,0, Done, dt, 73.79903904121556
Elevator call,2622.0533183995385,5,-4,3,5, Done, dt, 143.9466816004615
Elevator call,2623.1021511761087,0,41,3,0, Done, dt, 122.89784882389131
Elevator call,2630.230599897946,40,-2,3,9, Done, dt, 327.7694001020541
Elevator call,2630.504350581774,19,-2,3,5, Done, dt, 113.4956494182261
Elevator call,2633.0943070487956,46,-4,3,8, Done, dt, 321.9056929512044
Elevator call,2637.4299364854637,18,-1,3,8, Done, dt, 77.57006351453629
Elevator call,2638.7086828856395,9,-4,3,8, Done, dt, 109.29131711436048
Elevator call,2641.1542637851467,48,-3,3,5, Done, dt, 449.84573621485333
Elevator call,2642.340631755961,42,6,3,4, Done, dt, 231.6593682440389
Elevator call,2645.1997823958563,-1,17,3,3, Done, dt, 249.80021760414365
Elevator call,2646.25573926349,25,0,3,4, Done, dt, 253.7442607365101
Elevator call,2654.3329927682726,49,0,3,5, Done, dt, 305.66700723172744
Elevator call,2655.4899213659273,-2,47,3,2, Done, dt, 282.51007863407267
Elevator call,2657.7123728353754,1,0,3,9, Done, dt, 52.28762716462461
Elevator call,2661.7485484353883,45,19,3,4, Done, dt, 169.25145156461167
Elevator call,2662.205384433245,7,-1,3,5, Done, dt, 70.79461556675506
Elevator call,2664.37506380648,0,41,3,0, Done, dt, 81.62493619352017
Elevator call,2664.710815831351,-1,42,3,2, Done, dt, 96.28918416864917
Elevator call,2669.7560470251556,-4,46,3,3, Done, dt, 274.24395297484443
Elevator call,2674.0416723032395,17,0,3,8, Done, dt, 246.95832769676053
Elevator call,2681.5748691173508,7,38,3,7, Done, dt, 121.42513088264923
Elevator call,2686.2510375430193,50,-3,3,5, Done, dt, 404.74896245698073
Elevator call,2697.03138109063,49,0,3,0, Done, dt, 215.96861890936998
Elevator call,2697.9212276658864,-4,-5,3,0, Done, dt, 260.07877233411364
Elevator call,2703.5921193266804,13,-4,3,4, Done, dt, 240.4078806733196
Elevator call,2707.2369562874496,-4,-3,3,3, Done, dt, 125.76304371255037
Elevator call,2707.5335746499513,1,-3,3,0, Done, dt, 228.46642535004867
Elevator call,2719.610485461788,-2,20,3,2, Done, dt, 171.3895145382121
Elevator call,2719.990107379405,37,-4,3,9, Done, dt, 250.0098926205951
Elevator call,2725.4123425888515,-4,32,3,2, Done, dt, 187.58765741114848
Elevator call,2730.355307485069,12,-4,3,0, Done, dt, 216.6446925149312
Elevator call,2735.9818211631373,-3,0,3,2, Done, dt, 125.01817883686272
Elevator call,2741.296573070143,-4,29,3,1, Done, dt, 106.70342692985696
Elevator call,2751.5349394047707,34,-1,3,8, Done, dt, 180.46506059522926
Elevator call,2754.793685709801,-3,-2,3,1, Done, dt, 42.20631429019886
Elevator call,2761.200255124358,0,-1,3,6, Done, dt, 156.79974487564186
Elevator call,2765.0099080171203,-4,12,3,1, Done, dt, 55.990091982879676
Elevator call,2767.6414015470364,32,0,3,0, Done, dt, 145.35859845296363
Elevator call,2767.7890981026376,46,0,3,8, Done, dt, 153.21090189736242
Elevator call,2769.976949532155,15,0,3,9, Done, dt, 166.02305046784522
Elevator call,2773.683167721264,13,0,3,6, Done, dt, 133.316832278736
Elevator call,2773.8220714880235,20,-2,3,9, Done, dt, 184.17792851197646
Elevator call,2782.6702852164703,18,-1,3,6, Done, dt, 135.32971478352965
Elevator call,2782.9193657454803,16,-2,3,6, Done, dt, 146.08063425451974
Elevator call,2784.61791671844,39,-4,3,0, Done, dt, 355.38208328155997
Elevator call,2787.081034480574,29,-2,3,0, Done, dt, 137.9189655194259
Elevator call,2792.814559233928,20,-4,3,9, Done, dt, 177.18544076607213
Elevator call,2794.283611305012,23,-1,3,6, Done, dt, 123.71638869498793
Elevator call,2805.838888991666,-3,18,3,3, Done, dt, 100.16111100833405
Elevator call,2813.9260861607927,34,-4,3,9, Done, dt, 156.0739138392073
Elevator call,2816.4530957374654,39,-2,3,5, Done, dt, 263.54690426253455
Elevator call,2818.14643263412,12,0,3,4, Done, dt, 81.85356736587983
Elevator call,2820.1095577982824,23,0,3,9, Done, dt, 115.89044220171763
Elevator call,2820.181381443464,47,-1,3,9, Done, dt, 298.81861855653597
Elevator call,2820.3960110026246,2,-4,3,4, Done, dt, 123.60398899737538
Elevator call,2824.2498623410766,-4,0,3,3, Done, dt, 43.75013765892345
Elevator call,2827.8628481914875,13,5,3,1, Done, dt, 74.1371518085125
Elevator call,2829.0363434020783,17,-2,3,0, Done, dt, 95.96365659792173
Elevator call,2829.2078420882526,44,0,3,6, Done, dt, 289.7921579117474
Elevator call,2832.891317421616,0,-1,3,1, Done, dt, 119.1086825783841
Elevator call,2834.227618965505,34,0,3,8, Done, dt, 86.77238103449508
Elevator call,2834.5600843672614,22,0,3,8, Done, dt, 86.43991563273858
Elevator call,2838.953853469283,50,0,3,4, Done, dt, 259.0461465307171
Elevator call,2839.165087969266,-2,-3,3,4, Done, dt, 93.8349120307339
Elevator call,2839.6532429662175,35,-4,3,1, Done, dt, 347.3467570337825
Elevator call,2843.66076345678,15,-4,3,1, Done, dt, 131.33923654322007
Elevator call,2844.0390257165845,5,-1,3,9, Done, dt, 102.96097428341545
Elevator call,2856.3516775759094,44,0,3,5, Done, dt, 103.64832242409057
Elevator call,2862.0687944501838,39,-1,3,5, Done, dt, 206.93120554981624
Elevator call,2863.1133033285378,0,-1,3,4, Done, dt, 47.88669667146223
Elevator call,2867.457222432045,-3,-2,3,3, Done, dt, 146.542777567955
Elevator call,2868.248551751505,37,-2,3,1, Done, dt, 306.75144824849485
Elevator call,2871.3777550410696,41,31,3,0, Done, dt, 182.62224495893042
Elevator call,2872.9989439153587,43,0,3,4, Done, dt, 225.00105608464128
Elevator call,2874.76871708427,23,0,3,8, Done, dt, 228.23128291572993
Elevator call,2875.728652175877,-4,10,3,7, Done, dt, 36.27134782412304
Elevator call,2881.0828655895416,25,0,3,9, Done, dt, 226.9171344104584
Elevator call,2886.7780741986526,35,-4,3,5, Done, dt, 215.22192580134742
Elevator call,2890.5874403619664,31,0,3,8, Done, dt, 212.4125596380336
Elevator call,2890.81690977914,30,14,3,6, Done, dt, 204.18309022085987
Elevator call,2895.437474053706,-1,0,3,7, Done, dt, 48.562525946294045
Elevator call,2895.7750519621804,-2,-3,3,6, Done, dt, 44.22494803781956
Elevator call,2900.431707590713,-2,-3,3,4, Done, dt, 32.568292409287096
Elevator call,2903.05313741171,-2,0,3,7, Done, dt, 64.94686258829006
Elevator call,2904.069284762879,-4,-5,3,1, Done, dt, 81.93071523712115
Elevator call,2904.8293372438766,2,-2,3,1, Done, dt, 58.17066275612342
Elevator call,2915.1610374019856,23,-1,3,2, Done, dt, 161.8389625980144
Elevator call,2916.051564045638,9,0,3,1, Done, dt, 246.94843595436214
Elevator call,2917.608872169569,29,-1,3,5, Done, dt, 151.39112783043083
Elevator call,2920.584401237239,0,-1,3,1, Done, dt, 31.415598762760965
Elevator call,2920.8413840651856,16,13,3,8, Done, dt, 139.1586159348144
Elevator call,2926.97853123421,32,21,3,2, Done, dt, 78.0214687657899
Elevator call,2931.4764136980393,47,-3,3,6, Done, dt, 201.52358630196068
Elevator call,2933.979241527996,44,20,3,2, Done, dt, 82.02075847200422
Elevator call,2938.146119420455,27,-2,3,4, Done, dt, 199.85388057954515
Elevator call,2943.4590584950756,15,0,3,4, Done, dt, 154.54094150492438
Elevator call,2944.207987957163,46,33,3,1, Done, dt, 145.7920120428371
Elevator call,2944.3467352805483,9,-4,3,5, Done, dt, 157.65326471945173
Elevator call,2945.6043821056865,0,8,3,7, Done, dt, 40.395617894313546
Elevator call,2946.920514890693,44,-3,3,2, Done, dt, 152.07948510930692
Elevator call,2948.9580905497833,0,-2,3,2, Done, dt, 139.04190945021674
Elevator call,2950.1920368897036,0,42,3,7, Done, dt, 79.80796311029644
Elevator call,2958.2461483307566,22,0,3,6, Done, dt, 160.75385166924343
Elevator call,2958.964174984712,25,0,3,6, Done, dt, 160.03582501528808
Elevator call,2971.6470664510807,26,0,3,8, Done, dt, 305.3529335489193
Elevator call,2972.7286975708316,8,-3,3,5, Done, dt, 118.27130242916837
Elevator call,2974.9265083358437,2,0,3,0, Done, dt, 140.07349166415634
Elevator call,2979.160467659897,5,0,3,0, Done, dt, 135.83953234010278
Elevator call,2980.850798316349,36,0,3,0, Done, dt, 134.14920168365097
Elevator call,2981.3881989140145,-2,0,3,3, Done, dt, 44.61180108598546
Elevator call,2981.4815338053727,42,-3,3,5, Done, dt, 321.5184661946273
Elevator call,2982.4038921139677,0,-4,3,9, Done, dt, 150.5961078860323
Elevator call,2985.7872781621345,24,-2,3,8, Done, dt, 337.2127218378655
Elevator call,2988.0161066868795,9,-3,3,7, Done, dt, 136.98389331312046
Elevator call,2991.8921386600255,11,0,3,9, Done, dt, 116.10786133997453
Elevator call,2994.0590371699163,5,-3,3,7, Done, dt, 130.94096283008366
Elevator call,2996.3737311396526,10,-2,3,7, Done, dt, 117.62626886034741
Elevator call,3001.7472924855742,-4,0,3,3, Done, dt, 118.25270751442577
Elevator call,3005.9179476855816,9,-2,3,2, Done, dt, 82.08205231441843
Elevator call,3007.5605226619127,0,-1,3,5, Done, dt, 61.43947733808727
Elevator call,3008.5683944319453,0,13,3,3, Done, dt, 40.43160556805469
Elevator call,3008.7140830457192,7,0,3,2, Done, dt, 57.285916954280765
Elevator call,3016.6708030846485,9,-4,3,8, Done, dt, 120.32919691535153
Elevator call,3022.6971791344104,-1,31,3,3, Done, dt, 171.30282086558964
Elevator call,3023.4692349433917,-1,33,3,3, Done, dt, 182.5307650566083
Elevator call,3025.3526240938145,17,-4,3,8, Done, dt, 111.64737590618552
Elevator call,3032.875621390165,49,26,3,0, Done, dt, 213.12437860983482
Elevator call,3039.035610331036,0,-1,3,5, Done, dt, 29.96438966896403
Elevator call,3039.745460108051,2,-3,3,8, Done, dt, 86.25453989194921
Elevator call,3043.381105927312,-3,0,3,3, Done, dt, 76.61889407268791
Elevator call,3048.5649408542677,-1,31,3,3, Done, dt, 145.43505914573234
Elevator call,3049.629128216686,-3,-2,3,3, Done, dt, 48.370871783314215
Elevator call,3050.5206616334963,-1,0,3,3, Done, dt, 69.47933836650373
Elevator call,3054.5526105609097,48,-4,3,8, Done, dt, 280.44738943909033
Elevator call,3059.428634128863,-3,44,3,3, Done, dt, 187.571365871137
Elevator call,3069.1887804000326,37,41,3,3, Done, dt, 164.81121959996744
Elevator call,3075.120820110886,9,-4,3,4, Done, dt, 74.87917988911386
Elevator call,3080.3120307907166,0,-2,3,8, Done, dt, 34.68796920928344
Elevator call,3080.7167609816606,50,-4,3,7, Done, dt, 305.2832390183394
Elevator call,3083.16606189538,30,27,3,1, Done, dt, 32.83393810461985
Elevator call,3091.8581183933125,39,-3,3,2, Done, dt, 111.14188160668755
Elevator call,3101.386930291006,-4,10,3,3, Done, dt, 227.61306970899386
Elevator call,3104.9069292464974,-4,-5,3,5, Done, dt, 220.09307075350262
Elevator call,3108.843808995711,37,-3,3,2, Done, dt, 274.1561910042892
Elevator call,3110.0158485826128,-1,0,3,3, Done, dt, 31.98415141738724
Elevator call,3111.398296780325,-1,-4,3,9, Done, dt, 21.601703219675073
Elevator call,3112.7248919945578,0,-1,3,0, Done, dt, 14.275108005442235
Elevator call,3113.030779557331,0,-4,3,6, Done, dt, 30.96922044266921
Elevator call,3113.910412649525,50,11,3,6, Done, dt, 153.08958735047509
Elevator call,3116.537004178288,50,-3,3,5, Done, dt, 464.46299582171196
Elevator call,3133.766119224859,15,-1,3,5, Done, dt, 157.2338807751412
Elevator call,3133.819088567094,0,18,3,3, Done, dt, 37.180911432906214
Elevator call,3141.8499857383576,12,-4,3,4, Done, dt, 60.150014261642355
Elevator call,3149.410216724741,-4,-3,3,9, Done, dt, 12.589783275258924
Elevator call,3151.613776276552,14,3,3,7, Done, dt, 185.38622372344798
Elevator call,3153.222867197947,-2,2,3,9, Done, dt, 33.777132802053075
Elevator call,3159.4678660380837,28,-2,3,2, Done, dt, 212.53213396191632
Elevator call,3166.2402518598155,35,-1,3,5, Done, dt, 124.75974814018446
Elevator call,3180.0822683109445,19,0,3,4, Done, dt, 83.91773168905547
Elevator call,3183.0034953859185,24,-1,3,6, Done, dt, 105.99650461408146
Elevator call,3188.0658377694995,-3,38,3,1, Done, dt, 104.93416223050053
Elevator call,3188.9007106348195,-1,-2,3,9, Done, dt, 24.09928936518054
Elevator call,3191.0534519813505,17,0,3,2, Done, dt, 168.94654801864954
Elevator call,3191.633997566205,-4,-2,3,1, Done, dt, 31.366002433795074
Elevator call,3192.5365852755494,42,-4,3,0, Done, dt, 113.46341472445056
Elevator call,3208.4796943822043,34,-4,3,7, Done, dt, 177.52030561779566
Elevator call,3210.7793337953217,20,0,3,5, Done, dt, 69.22066620467831
Elevator call,3213.0763742127674,22,-4,3,9, Done, dt, 90.9236257872326
Elevator call,3218.2373679623743,-1,23,3,1, Done, dt, 49.762632037625735
Elevator call,3233.6496084741684,38,-3,3,5, Done, dt, 347.3503915258316
Elevator call,3239.167934094168,14,0,3,9, Done, dt, 50.83206590583222
Elevator call,3241.3979831756596,2,0,3,4, Done, dt, 46.60201682434035
Elevator call,3243.8769538676115,40,0,3,4, Done, dt, 154.12304613238848
Elevator call,3245.606291138164,18,-2,3,0, Done, dt, 48.393708861835876
Elevator call,3247.621405228394,17,-2,3,7, Done, dt, 126.378594771606
Elevator call,3253.919892175599,49,0,3,2, Done, dt, 298.0801078244008
Elevator call,3254.76399451584,7,0,3,8, Done, dt, 56.23600548416016
Elevator call,3256.2986436672563,44,-1,3,2, Done, dt, 330.70135633274367
Elevator call,3259.9142215307706,39,0,3,0, Done, dt, 148.08577846922935
Elevator call,3273.391151964396,15,0,3,6, Done, dt, 66.60884803560384
Elevator call,3277.9398813904254,27,24,3,2, Done, dt, 48.0601186095746
Elevator call,3278.7262348762774,18,14,3,7, Done, dt, 37.27376512372257
Elevator call,3287.5252167862673,44,-1,3,1, Done, dt, 152.47478321373274
Elevator call,3288.104053145415,37,32,3,1, Done, dt, 62.89594685458496
Elevator call,3289.098903553297,2,33,3,3, Done, dt, 98.90109644670292
Elevator call,3297.416606859175,50,-3,3,9, Done, dt, 195.58339314082514
Elevator call,3303.2722776898536,25,9,3,5, Done, dt, 209.72772231014642
Elevator call,3315.0023330444583,43,6,3,6, Done, dt, 124.99766695554172
Elevator call,3315.2357930598428,-3,22,3,3, Done, dt, 163.76420694015724
Elevator call,3316.6062069078757,33,23,3,1, Done, dt, 53.39379309212427
Elevator call,3320.4066654146523,0,-2,3,9, Done, dt, 161.59333458534775
Elevator call,3323.3533812328556,-4,36,3,8, Done, dt, 62.646618767144446
Elevator call,3328.6428066652547,36,0,3,4, Done, dt, 69.35719333474526
Elevator call,3330.156910309705,4,0,3,7, Done, dt, 31.843089690295074
Elevator call,3333.8432831826594,47,0,3,4, Done, dt, 240.15671681734057
Elevator call,3343.5964132093786,50,0,3,4, Done, dt, 230.40358679062138
Elevator call,3344.4553402712927,50,0,3,8, Done, dt, 125.5446597287073
Elevator call,3358.6678313228704,-3,-2,3,3, Done, dt, 86.33216867712963
Elevator call,3359.3208053109356,42,15,3,0, Done, dt, 173.6791946890644
Elevator call,3359.6498899005883,2,0,3,6, Done, dt, 194.35011009941172
Elevator call,3361.715438467562,8,-3,3,1, Done, dt, 122.28456153243815
Elevator call,3361.888962895955,31,9,1,6
Elevator call,3366.4656977708864,36,-4,2,0
Elevator call,3367.638428158384,30,-2,3,5, Done, dt, 202.36157184161584
Elevator call,3378.5312247874917,50,0,2,1
Elevator call,3383.1101746334143,11,-2,3,1, Done, dt, 67.88982536658568
Elevator call,3385.2464305353233,-2,0,3,7, Done, dt, 46.75356946467673
Elevator call,3385.8833917378406,5,-1,3,1, Done, dt, 54.11660826215939
Elevator call,3386.4501681396573,-3,-2,3,7, Done, dt, 33.54983186034269
Elevator call,3388.4137627005866,46,36,3,5, Done, dt, 45.58623729941337
Elevator call,3393.2857316232567,40,0,3,6, Done, dt, 160.71426837674335
Elevator call,3394.321203156028,-4,38,3,7, Done, dt, 114.67879684397212
Elevator call,3394.987033397337,11,0,3,9, Done, dt, 75.0129666026628
Elevator call,3417.827749355719,16,-2,3,8, Done, dt, 126.17225064428112
Elevator call,3418.8509131488263,23,0,3,2, Done, dt, 133.1490868511737
Elevator call,3423.456534082525,46,0,1,2
Elevator call,3440.7298600375802,-1,-2,3,1, Done, dt, 32.27013996241976
Elevator call,3441.660117858837,-4,0,3,7, Done, dt, 19.33988214116289
Elevator call,3448.4456421894647,10,-2,3,3, Done, dt, 124.5543578105353
Elevator call,3451.4203083357397,26,0,3,5, Done, dt, 106.57969166426028
Elevator call,3451.750826337353,12,0,3,8, Done, dt, 80.24917366264708
Elevator call,3451.972312180449,38,-2,2,0
Elevator call,3452.6704248820165,14,-2,3,6, Done, dt, 113.3295751179835
Elevator call,3457.0163546049484,14,-3,3,6, Done, dt, 119.98364539505155
Elevator call,3459.4036188763357,35,3,3,4, Done, dt, 101.59638112366429
Elevator call,3462.070628054928,50,-2,3,4, Done, dt, 124.92937194507203
Elevator call,3462.075199754012,41,-1,2,0
Elevator call,3464.585150942318,32,-3,2,2
Elevator call,3466.2767947812263,48,11,1,0
Elevator call,3471.5025233652577,2,0,3,3, Done, dt, 79.49747663474227
Elevator call,3473.310881079986,23,0,3,5, Done, dt, 84.68911892001415
Elevator call,3475.649076033618,26,-3,1,3
Elevator call,3477.6853174777557,-4,-3,3,7, Done, dt, 94.31468252224431
Elevator call,3483.754837274394,42,0,3,4, Done, dt, 90.24516272560595
Elevator call,3491.642056360314,17,0,3,5, Done, dt, 66.3579436396858
Elevator call,3498.2161818606683,-1,-3,3,9, Done, dt, 24.783818139331743
Elevator call,3502.0915653681823,7,-1,3,3, Done, dt, 59.90843463181773
Elevator call,3513.0100329913203,45,-3,2,9
Elevator call,3513.677771096561,39,-1,2,8
Elevator call,3516.0264533100676,23,0,3,0, Done, dt, 67.97354668993239
Elevator call,3522.9330534833266,47,-1,1,4
Elevator call,3523.035780230918,7,-2,3,2, Done, dt, 74.96421976908186
Elevator call,3532.343509915135,-4,0,3,7, Done, dt, 64.6564900848648
Elevator call,3533.2398652773627,29,-3,2,1
Elevator call,3536.046287113766,0,-1,1,9
Elevator call,3543.062466806994,25,0,1,0
Elevator call,3543.8915378014176,22,-1,1,9
Elevator call,3545.8481808669085,32,0,1,3
Elevator call,3554.5416737829837,16,-1,1,0
Elevator call,3557.1560100037423,43,34,1,1
Elevator call,3564.7385209379204,0,-4,3,4, Done, dt, 34.261479062079616
Elevator call,3564.7967377212817,18,-4,1,9
Elevator call,3569.1391690120718,16,-1,1,8
Elevator call,3570.3036949573066,-4,0,2,5
Elevator call,3571.0477891850414,21,-4,1,8
Elevator call,3572.911609406973,9,-2,1,2
Elevator call,3583.794949086157,39,0,1,9
Elevator call,3587.195387436732,2,-2,1,7
Elevator call,3587.2176557007815,4,-3,1,4
Elevator call,3589.038047558616,47,0,1,7
